{
    "variable": [
        {
            "id": "baseUrl",
            "key": "baseUrl",
            "type": "string",
            "name": "string",
            "value": "http:\/\/localhost"
        }
    ],
    "info": {
        "name": "Dunia Internal API Documentation",
        "_postman_id": "c52c7328-4168-4236-b978-0ce3c390edad",
        "description": "This is dunia API documentation, for internal use only",
        "schema": "https:\/\/schema.getpostman.com\/json\/collection\/v2.1.0\/collection.json"
    },
    "item": [
        {
            "name": "Authentication",
            "description": "\nEndpoint to manage user authentication",
            "item": [
                {
                    "name": "Register.",
                    "request": {
                        "url": {
                            "host": "{{baseUrl}}",
                            "path": "api\/v1\/register",
                            "query": [],
                            "raw": "{{baseUrl}}\/api\/v1\/register"
                        },
                        "method": "POST",
                        "header": [
                            {
                                "key": "Content-Type",
                                "value": "application\/json"
                            },
                            {
                                "key": "Accept",
                                "value": "application\/json"
                            }
                        ],
                        "body": {
                            "mode": "raw",
                            "raw": "{\"name\":\"illo\",\"email\":\"saige62@example.net\",\"password\":\"8RbNJ@z|~s,fY9O-vUT\"}"
                        },
                        "description": "",
                        "auth": {
                            "type": "noauth"
                        }
                    },
                    "response": []
                },
                {
                    "name": "Login.",
                    "request": {
                        "url": {
                            "host": "{{baseUrl}}",
                            "path": "api\/v1\/login",
                            "query": [],
                            "raw": "{{baseUrl}}\/api\/v1\/login"
                        },
                        "method": "POST",
                        "header": [
                            {
                                "key": "Content-Type",
                                "value": "application\/json"
                            },
                            {
                                "key": "Accept",
                                "value": "application\/json"
                            }
                        ],
                        "body": {
                            "mode": "raw",
                            "raw": "{\"email\":\"qquigley@example.com\",\"password\":\"y.|>,Kt>\"}"
                        },
                        "description": "",
                        "auth": {
                            "type": "noauth"
                        }
                    },
                    "response": []
                },
                {
                    "name": "Logout.",
                    "request": {
                        "url": {
                            "host": "{{baseUrl}}",
                            "path": "api\/v1\/logout",
                            "query": [],
                            "raw": "{{baseUrl}}\/api\/v1\/logout"
                        },
                        "method": "GET",
                        "header": [
                            {
                                "key": "Content-Type",
                                "value": "application\/json"
                            },
                            {
                                "key": "Accept",
                                "value": "application\/json"
                            }
                        ],
                        "body": null,
                        "description": "",
                        "auth": {
                            "type": "noauth"
                        }
                    },
                    "response": [
                        {
                            "header": [
                                {
                                    "key": "cache-control",
                                    "value": "no-cache, private"
                                },
                                {
                                    "key": "content-type",
                                    "value": "application\/json"
                                },
                                {
                                    "key": "access-control-allow-origin",
                                    "value": "*"
                                }
                            ],
                            "code": 401,
                            "body": "{\"message\":\"Unauthenticated.\"}",
                            "name": ""
                        }
                    ]
                }
            ]
        },
        {
            "name": "Author Management",
            "description": "\nEndpoint to manage authors",
            "item": [
                {
                    "name": "Display a listing of the authors.",
                    "request": {
                        "url": {
                            "host": "{{baseUrl}}",
                            "path": "api\/v1\/admin\/authors",
                            "query": [],
                            "raw": "{{baseUrl}}\/api\/v1\/admin\/authors"
                        },
                        "method": "GET",
                        "header": [
                            {
                                "key": "Content-Type",
                                "value": "application\/json"
                            },
                            {
                                "key": "Accept",
                                "value": "application\/json"
                            }
                        ],
                        "body": null,
                        "description": "",
                        "auth": {
                            "type": "noauth"
                        }
                    },
                    "response": [
                        {
                            "header": [],
                            "code": 200,
                            "body": "{\"data\":[{\"id\":\"99dc01b2-c1cf-47ea-90b3-836cca0386d8\",\"name\":\"Nannie Bayer\",\"email\":\"russel.rodrigo@example.net\"},{\"id\":\"99dc01b2-cb95-4d8c-a764-bc8839639e08\",\"name\":\"Glenda Kunde\",\"email\":\"rosalia.kutch@example.net\"}]}",
                            "name": ""
                        }
                    ]
                },
                {
                    "name": "Create a new author.",
                    "request": {
                        "url": {
                            "host": "{{baseUrl}}",
                            "path": "api\/v1\/admin\/authors",
                            "query": [],
                            "raw": "{{baseUrl}}\/api\/v1\/admin\/authors"
                        },
                        "method": "POST",
                        "header": [
                            {
                                "key": "Content-Type",
                                "value": "application\/json"
                            },
                            {
                                "key": "Accept",
                                "value": "application\/json"
                            }
                        ],
                        "body": {
                            "mode": "raw",
                            "raw": "{\"name\":\"Isaac Johnson\",\"email\":\"estella.wehner@example.com\"}"
                        },
                        "description": "",
                        "auth": {
                            "type": "noauth"
                        }
                    },
                    "response": [
                        {
                            "header": [],
                            "code": 200,
                            "body": "{\"data\":{\"id\":\"99dc01b2-d121-4c4f-ad71-a3ad06516e21\",\"name\":\"Damien Kunze\",\"email\":\"jamar.cummings@example.net\"}}",
                            "name": ""
                        }
                    ]
                },
                {
                    "name": "Display an author by ID.",
                    "request": {
                        "url": {
                            "host": "{{baseUrl}}",
                            "path": "api\/v1\/admin\/authors\/:id",
                            "query": [],
                            "raw": "{{baseUrl}}\/api\/v1\/admin\/authors\/:id",
                            "variable": [
                                {
                                    "id": "id",
                                    "key": "id",
                                    "value": "quas",
                                    "description": "Author ID"
                                }
                            ]
                        },
                        "method": "GET",
                        "header": [
                            {
                                "key": "Content-Type",
                                "value": "application\/json"
                            },
                            {
                                "key": "Accept",
                                "value": "application\/json"
                            }
                        ],
                        "body": null,
                        "description": "",
                        "auth": {
                            "type": "noauth"
                        }
                    },
                    "response": [
                        {
                            "header": [],
                            "code": 200,
                            "body": "{\"data\":{\"id\":\"99dc01b2-d4d0-4efe-8add-4b78a1173a83\",\"name\":\"Luigi Ryan\",\"email\":\"lera10@example.net\"}}",
                            "name": ""
                        }
                    ]
                },
                {
                    "name": "Update the specified Author by ID.",
                    "request": {
                        "url": {
                            "host": "{{baseUrl}}",
                            "path": "api\/v1\/admin\/authors\/:id",
                            "query": [],
                            "raw": "{{baseUrl}}\/api\/v1\/admin\/authors\/:id",
                            "variable": [
                                {
                                    "id": "id",
                                    "key": "id",
                                    "value": "99cf7e87-ed51-4cdb-ba3b-4557421ceda3",
                                    "description": "The ID of the author."
                                }
                            ]
                        },
                        "method": "PUT",
                        "header": [
                            {
                                "key": "Content-Type",
                                "value": "application\/json"
                            },
                            {
                                "key": "Accept",
                                "value": "application\/json"
                            }
                        ],
                        "body": {
                            "mode": "raw",
                            "raw": "{\"name\":\"Isaac Johnson\",\"email\":\"rowena.strosin@example.org\"}"
                        },
                        "description": "",
                        "auth": {
                            "type": "noauth"
                        }
                    },
                    "response": [
                        {
                            "header": [],
                            "code": 200,
                            "body": "{\"data\":{\"id\":\"99dc01b2-d6e2-49ac-b86f-f2dfad3415b0\",\"name\":\"Prof. Isaias O'Connell\",\"email\":\"henriette.leffler@example.net\"}}",
                            "name": ""
                        }
                    ]
                }
            ]
        },
        {
            "name": "Categories Management",
            "description": "\nEndpoint to manage categories",
            "item": [
                {
                    "name": "Display a listing of categories.",
                    "request": {
                        "url": {
                            "host": "{{baseUrl}}",
                            "path": "api\/v1\/admin\/categories",
                            "query": [],
                            "raw": "{{baseUrl}}\/api\/v1\/admin\/categories"
                        },
                        "method": "GET",
                        "header": [
                            {
                                "key": "Content-Type",
                                "value": "application\/json"
                            },
                            {
                                "key": "Accept",
                                "value": "application\/json"
                            }
                        ],
                        "body": null,
                        "description": "",
                        "auth": {
                            "type": "noauth"
                        }
                    },
                    "response": [
                        {
                            "header": [],
                            "code": 200,
                            "body": "{\"data\":[{\"id\":\"99cfdfea-c72f-451b-aed3-ec3eb26bd2c5\",\"name\":\"category one\"},{\"id\":\"99cfdfea-c72f-451b-aed3-ec3eb26bd2c5\",\"name\":\"category one\"}]}",
                            "name": ""
                        }
                    ]
                },
                {
                    "name": "Create a new category.",
                    "request": {
                        "url": {
                            "host": "{{baseUrl}}",
                            "path": "api\/v1\/admin\/categories",
                            "query": [],
                            "raw": "{{baseUrl}}\/api\/v1\/admin\/categories"
                        },
                        "method": "POST",
                        "header": [
                            {
                                "key": "Content-Type",
                                "value": "application\/json"
                            },
                            {
                                "key": "Accept",
                                "value": "application\/json"
                            }
                        ],
                        "body": {
                            "mode": "raw",
                            "raw": "{\"name\":\"sit\"}"
                        },
                        "description": "",
                        "auth": {
                            "type": "noauth"
                        }
                    },
                    "response": [
                        {
                            "header": [],
                            "code": 200,
                            "body": "{\"data\":{\"id\":\"99cfdfea-c72f-451b-aed3-ec3eb26bd2c5\",\"name\":\"category one\"}}",
                            "name": ""
                        }
                    ]
                },
                {
                    "name": "Display the specific category by ID.",
                    "request": {
                        "url": {
                            "host": "{{baseUrl}}",
                            "path": "api\/v1\/admin\/categories\/:id",
                            "query": [],
                            "raw": "{{baseUrl}}\/api\/v1\/admin\/categories\/:id",
                            "variable": [
                                {
                                    "id": "id",
                                    "key": "id",
                                    "value": "sint",
                                    "description": "Category ID"
                                }
                            ]
                        },
                        "method": "GET",
                        "header": [
                            {
                                "key": "Content-Type",
                                "value": "application\/json"
                            },
                            {
                                "key": "Accept",
                                "value": "application\/json"
                            }
                        ],
                        "body": null,
                        "description": "",
                        "auth": {
                            "type": "noauth"
                        }
                    },
                    "response": [
                        {
                            "header": [],
                            "code": 200,
                            "body": "{\"data\":{\"id\":\"99cfdfea-c72f-451b-aed3-ec3eb26bd2c5\",\"name\":\"category one\"}}",
                            "name": ""
                        }
                    ]
                },
                {
                    "name": "Update the specific category.",
                    "request": {
                        "url": {
                            "host": "{{baseUrl}}",
                            "path": "api\/v1\/admin\/categories\/:id",
                            "query": [],
                            "raw": "{{baseUrl}}\/api\/v1\/admin\/categories\/:id",
                            "variable": [
                                {
                                    "id": "id",
                                    "key": "id",
                                    "value": "99cfdfea-c72f-451b-aed3-ec3eb26bd2c5",
                                    "description": "The ID of the category."
                                }
                            ]
                        },
                        "method": "PUT",
                        "header": [
                            {
                                "key": "Content-Type",
                                "value": "application\/json"
                            },
                            {
                                "key": "Accept",
                                "value": "application\/json"
                            }
                        ],
                        "body": {
                            "mode": "raw",
                            "raw": "{\"name\":\"rerum\"}"
                        },
                        "description": "",
                        "auth": {
                            "type": "noauth"
                        }
                    },
                    "response": [
                        {
                            "header": [],
                            "code": 200,
                            "body": "{\"data\":{\"id\":\"99cfdfea-c72f-451b-aed3-ec3eb26bd2c5\",\"name\":\"category one\"}}",
                            "name": ""
                        }
                    ]
                }
            ]
        },
        {
            "name": "Endpoints",
            "description": "",
            "item": [
                {
                    "name": "GET api\/v1\/user",
                    "request": {
                        "url": {
                            "host": "{{baseUrl}}",
                            "path": "api\/v1\/user",
                            "query": [],
                            "raw": "{{baseUrl}}\/api\/v1\/user"
                        },
                        "method": "GET",
                        "header": [
                            {
                                "key": "Content-Type",
                                "value": "application\/json"
                            },
                            {
                                "key": "Accept",
                                "value": "application\/json"
                            }
                        ],
                        "body": null,
                        "description": "",
                        "auth": {
                            "type": "noauth"
                        }
                    },
                    "response": [
                        {
                            "header": [
                                {
                                    "key": "cache-control",
                                    "value": "no-cache, private"
                                },
                                {
                                    "key": "content-type",
                                    "value": "application\/json"
                                },
                                {
                                    "key": "access-control-allow-origin",
                                    "value": "*"
                                }
                            ],
                            "code": 401,
                            "body": "{\"message\":\"Unauthenticated.\"}",
                            "name": ""
                        }
                    ]
                }
            ]
        },
        {
            "name": "Order Management",
            "description": "\nEndpoint to manage customers orders",
            "item": [
                {
                    "name": "Store a newly created resource in storage.",
                    "request": {
                        "url": {
                            "host": "{{baseUrl}}",
                            "path": "api\/v1\/user\/user",
                            "query": [],
                            "raw": "{{baseUrl}}\/api\/v1\/user\/user"
                        },
                        "method": "POST",
                        "header": [
                            {
                                "key": "Content-Type",
                                "value": "application\/json"
                            },
                            {
                                "key": "Accept",
                                "value": "application\/json"
                            }
                        ],
                        "body": null,
                        "description": "",
                        "auth": {
                            "type": "noauth"
                        }
                    },
                    "response": []
                }
            ]
        },
        {
            "name": "Product Management",
            "description": "\nEndpoints to manage products",
            "item": [
                {
                    "name": "Store a newly created resource in storage.",
                    "request": {
                        "url": {
                            "host": "{{baseUrl}}",
                            "path": "api\/v1\/admin\/products",
                            "query": [],
                            "raw": "{{baseUrl}}\/api\/v1\/admin\/products"
                        },
                        "method": "POST",
                        "header": [
                            {
                                "key": "Content-Type",
                                "value": "multipart\/form-data"
                            },
                            {
                                "key": "Accept",
                                "value": "application\/json"
                            }
                        ],
                        "body": {
                            "mode": "formdata",
                            "formdata": [
                                {
                                    "key": "name",
                                    "value": "et",
                                    "type": "text",
                                    "description": ""
                                },
                                {
                                    "key": "price",
                                    "value": "vel",
                                    "type": "text",
                                    "description": ""
                                },
                                {
                                    "key": "description",
                                    "value": "suscipit",
                                    "type": "text",
                                    "description": ""
                                },
                                {
                                    "key": "author",
                                    "value": "qui",
                                    "type": "text",
                                    "description": ""
                                },
                                {
                                    "key": "images[]",
                                    "src": [],
                                    "type": "file"
                                }
                            ]
                        },
                        "description": "",
                        "auth": {
                            "type": "noauth"
                        }
                    },
                    "response": []
                },
                {
                    "name": "Update the specified resource in storage.",
                    "request": {
                        "url": {
                            "host": "{{baseUrl}}",
                            "path": "api\/v1\/admin\/products\/:id",
                            "query": [],
                            "raw": "{{baseUrl}}\/api\/v1\/admin\/products\/:id",
                            "variable": [
                                {
                                    "id": "id",
                                    "key": "id",
                                    "value": "99d35264-8076-49a5-a8d5-8cd88f85a773",
                                    "description": "The ID of the product."
                                }
                            ]
                        },
                        "method": "POST",
                        "header": [
                            {
                                "key": "Content-Type",
                                "value": "multipart\/form-data"
                            },
                            {
                                "key": "Accept",
                                "value": "application\/json"
                            }
                        ],
                        "body": {
                            "mode": "formdata",
                            "formdata": [
                                {
                                    "key": "name",
                                    "value": "omnis",
                                    "type": "text",
                                    "description": ""
                                },
                                {
                                    "key": "price",
                                    "value": "enim",
                                    "type": "text",
                                    "description": ""
                                },
                                {
                                    "key": "description",
                                    "value": "similique",
                                    "type": "text",
                                    "description": ""
                                },
                                {
                                    "key": "author",
                                    "value": "optio",
                                    "type": "text",
                                    "description": ""
                                },
                                {
                                    "key": "images[]",
                                    "src": [],
                                    "type": "file"
                                },
                                {
                                    "key": "_method",
                                    "value": "PUT",
                                    "type": "text"
                                }
                            ]
                        },
                        "description": "",
                        "auth": {
                            "type": "noauth"
                        }
                    },
                    "response": []
                },
                {
                    "name": "Add images to a product",
                    "request": {
                        "url": {
                            "host": "{{baseUrl}}",
                            "path": "api\/v1\/admin\/products\/:product_id\/images",
                            "query": [],
                            "raw": "{{baseUrl}}\/api\/v1\/admin\/products\/:product_id\/images",
                            "variable": [
                                {
                                    "id": "product_id",
                                    "key": "product_id",
                                    "value": "99d35264-8076-49a5-a8d5-8cd88f85a773",
                                    "description": "The ID of the product."
                                }
                            ]
                        },
                        "method": "POST",
                        "header": [
                            {
                                "key": "Content-Type",
                                "value": "multipart\/form-data"
                            },
                            {
                                "key": "Accept",
                                "value": "application\/json"
                            }
                        ],
                        "body": {
                            "mode": "formdata",
                            "formdata": [
                                {
                                    "key": "images[]",
                                    "src": [],
                                    "type": "file"
                                }
                            ]
                        },
                        "description": "",
                        "auth": {
                            "type": "noauth"
                        }
                    },
                    "response": []
                },
                {
                    "name": "Delete image from product",
                    "request": {
                        "url": {
                            "host": "{{baseUrl}}",
                            "path": "api\/v1\/admin\/products\/:product_id\/images\/:productImage_id",
                            "query": [],
                            "raw": "{{baseUrl}}\/api\/v1\/admin\/products\/:product_id\/images\/:productImage_id",
                            "variable": [
                                {
                                    "id": "product_id",
                                    "key": "product_id",
                                    "value": "99d35264-8076-49a5-a8d5-8cd88f85a773",
                                    "description": "The ID of the product."
                                },
                                {
                                    "id": "productImage_id",
                                    "key": "productImage_id",
                                    "value": "99d35a23-2f11-406d-afde-f05b8efb9968",
                                    "description": "The ID of the productImage."
                                }
                            ]
                        },
                        "method": "DELETE",
                        "header": [
                            {
                                "key": "Content-Type",
                                "value": "application\/json"
                            },
                            {
                                "key": "Accept",
                                "value": "application\/json"
                            }
                        ],
                        "body": null,
                        "description": "",
                        "auth": {
                            "type": "noauth"
                        }
                    },
                    "response": []
                },
                {
                    "name": "Display a listing of products",
                    "request": {
                        "url": {
                            "host": "{{baseUrl}}",
                            "path": "api\/v1\/products",
                            "query": [],
                            "raw": "{{baseUrl}}\/api\/v1\/products"
                        },
                        "method": "GET",
                        "header": [
                            {
                                "key": "Content-Type",
                                "value": "application\/json"
                            },
                            {
                                "key": "Accept",
                                "value": "application\/json"
                            }
                        ],
                        "body": null,
                        "description": "",
                        "auth": {
                            "type": "noauth"
                        }
                    },
                    "response": [
                        {
                            "header": [],
                            "code": 200,
                            "body": "{\"data\":[{\"id\":null,\"name\":null,\"price\":\"0.00\",\"description\":null,\"author\":null,\"categories\":[],\"tags\":[],\"images\":[]},{\"id\":null,\"name\":null,\"price\":\"0.00\",\"description\":null,\"author\":null,\"categories\":[],\"tags\":[],\"images\":[]}]}",
                            "name": ""
                        }
                    ]
                },
                {
                    "name": "Display a specific product by ID.",
                    "request": {
                        "url": {
                            "host": "{{baseUrl}}",
                            "path": "api\/v1\/products\/:id",
                            "query": [],
                            "raw": "{{baseUrl}}\/api\/v1\/products\/:id",
                            "variable": [
                                {
                                    "id": "id",
                                    "key": "id",
                                    "value": "quidem",
                                    "description": "Product ID"
                                }
                            ]
                        },
                        "method": "GET",
                        "header": [
                            {
                                "key": "Content-Type",
                                "value": "application\/json"
                            },
                            {
                                "key": "Accept",
                                "value": "application\/json"
                            }
                        ],
                        "body": null,
                        "description": "",
                        "auth": {
                            "type": "noauth"
                        }
                    },
                    "response": [
                        {
                            "header": [],
                            "code": 200,
                            "body": "{\"data\":{\"id\":null,\"name\":null,\"price\":\"0.00\",\"description\":null,\"author\":null,\"categories\":[],\"tags\":[],\"images\":[]}}",
                            "name": ""
                        }
                    ]
                }
            ]
        },
        {
            "name": "Tags Management",
            "description": "\nEndpoint to manage tags",
            "item": [
                {
                    "name": "Display a listing of the tags.",
                    "request": {
                        "url": {
                            "host": "{{baseUrl}}",
                            "path": "api\/v1\/admin\/tags",
                            "query": [],
                            "raw": "{{baseUrl}}\/api\/v1\/admin\/tags"
                        },
                        "method": "GET",
                        "header": [
                            {
                                "key": "Content-Type",
                                "value": "application\/json"
                            },
                            {
                                "key": "Accept",
                                "value": "application\/json"
                            }
                        ],
                        "body": null,
                        "description": "",
                        "auth": {
                            "type": "noauth"
                        }
                    },
                    "response": [
                        {
                            "header": [],
                            "code": 200,
                            "body": "{\"data\":[{\"id\":null,\"name\":null},{\"id\":null,\"name\":null}]}",
                            "name": ""
                        }
                    ]
                },
                {
                    "name": "Create a new Tag.",
                    "request": {
                        "url": {
                            "host": "{{baseUrl}}",
                            "path": "api\/v1\/admin\/tags",
                            "query": [],
                            "raw": "{{baseUrl}}\/api\/v1\/admin\/tags"
                        },
                        "method": "POST",
                        "header": [
                            {
                                "key": "Content-Type",
                                "value": "application\/json"
                            },
                            {
                                "key": "Accept",
                                "value": "application\/json"
                            }
                        ],
                        "body": {
                            "mode": "raw",
                            "raw": "{\"name\":\"srpramishdzdgecpaev\"}"
                        },
                        "description": "",
                        "auth": {
                            "type": "noauth"
                        }
                    },
                    "response": [
                        {
                            "header": [],
                            "code": 200,
                            "body": "{\"data\":{\"id\":null,\"name\":null}}",
                            "name": ""
                        }
                    ]
                },
                {
                    "name": "Display the specific tag by ID.",
                    "request": {
                        "url": {
                            "host": "{{baseUrl}}",
                            "path": "api\/v1\/admin\/tags\/:id",
                            "query": [],
                            "raw": "{{baseUrl}}\/api\/v1\/admin\/tags\/:id",
                            "variable": [
                                {
                                    "id": "id",
                                    "key": "id",
                                    "value": "99cfd9ed-a48a-40d9-b896-4549d534fb7a",
                                    "description": "The ID of the tag."
                                }
                            ]
                        },
                        "method": "GET",
                        "header": [
                            {
                                "key": "Content-Type",
                                "value": "application\/json"
                            },
                            {
                                "key": "Accept",
                                "value": "application\/json"
                            }
                        ],
                        "body": null,
                        "description": "",
                        "auth": {
                            "type": "noauth"
                        }
                    },
                    "response": [
                        {
                            "header": [],
                            "code": 200,
                            "body": "{\"data\":{\"id\":null,\"name\":null}}",
                            "name": ""
                        }
                    ]
                },
                {
                    "name": "Update a specific tag by ID.",
                    "request": {
                        "url": {
                            "host": "{{baseUrl}}",
                            "path": "api\/v1\/admin\/tags\/:id",
                            "query": [],
                            "raw": "{{baseUrl}}\/api\/v1\/admin\/tags\/:id",
                            "variable": [
                                {
                                    "id": "id",
                                    "key": "id",
                                    "value": "99cfd9ed-a48a-40d9-b896-4549d534fb7a",
                                    "description": "The ID of the tag."
                                }
                            ]
                        },
                        "method": "PUT",
                        "header": [
                            {
                                "key": "Content-Type",
                                "value": "application\/json"
                            },
                            {
                                "key": "Accept",
                                "value": "application\/json"
                            }
                        ],
                        "body": {
                            "mode": "raw",
                            "raw": "{\"name\":\"kubflwdq\"}"
                        },
                        "description": "",
                        "auth": {
                            "type": "noauth"
                        }
                    },
                    "response": [
                        {
                            "header": [],
                            "code": 200,
                            "body": "{\"data\":{\"id\":null,\"name\":null}}",
                            "name": ""
                        }
                    ]
                }
            ]
        }
    ],
    "auth": {
        "type": "bearer",
        "bearer": [
            {
                "key": "Authorization token",
                "value": null,
                "type": "string"
            }
        ]
    }
}