{
    "variable": [
        {
            "id": "baseUrl",
            "key": "baseUrl",
            "type": "string",
            "name": "string",
            "value": "http:\/\/dunia.healthyishng.com"
        }
    ],
    "info": {
        "name": "Dunia Internal API Documentation",
        "_postman_id": "4b9989b1-d5ad-4bae-a5c6-1be2d4708a79",
        "description": "This is dunia API documentation, for internal use only",
        "schema": "https:\/\/schema.getpostman.com\/json\/collection\/v2.1.0\/collection.json"
    },
    "item": [
        {
            "name": "Authentication",
            "description": "\nEndpoint to manage user authentication",
            "item": [
                {
                    "name": "Register a new admin.",
                    "request": {
                        "url": {
                            "host": "{{baseUrl}}",
                            "path": "api\/v1\/admin\/register",
                            "query": [],
                            "raw": "{{baseUrl}}\/api\/v1\/admin\/register"
                        },
                        "method": "POST",
                        "header": [
                            {
                                "key": "Content-Type",
                                "value": "application\/json"
                            },
                            {
                                "key": "Accept",
                                "value": "application\/json"
                            }
                        ],
                        "body": {
                            "mode": "raw",
                            "raw": "{\"name\":\"ranospzln\",\"email\":\"ocorwin@example.org\",\"password\":\"autem\"}"
                        },
                        "description": "",
                        "auth": {
                            "type": "noauth"
                        }
                    },
                    "response": [
                        {
                            "header": [],
                            "code": 200,
                            "body": "{\"data\":{\"id\":\"99e33e4a-459c-456f-8498-c51e8aa6480a\",\"name\":\"Joanie Murray MD\",\"email\":\"thand@example.org\"}}",
                            "name": ""
                        },
                        {
                            "header": [],
                            "code": 422,
                            "body": "{\n      \"error\": \"Account already exist, kindly login\"\n}",
                            "name": ""
                        }
                    ]
                },
                {
                    "name": "Admin Login.",
                    "request": {
                        "url": {
                            "host": "{{baseUrl}}",
                            "path": "api\/v1\/admin\/login",
                            "query": [],
                            "raw": "{{baseUrl}}\/api\/v1\/admin\/login"
                        },
                        "method": "POST",
                        "header": [
                            {
                                "key": "Content-Type",
                                "value": "application\/json"
                            },
                            {
                                "key": "Accept",
                                "value": "application\/json"
                            }
                        ],
                        "body": {
                            "mode": "raw",
                            "raw": "{\"email\":\"truecker@example.org\",\"password\":\"{1xfQn\\\"W^9a8DQOg\"}"
                        },
                        "description": "",
                        "auth": {
                            "type": "noauth"
                        }
                    },
                    "response": [
                        {
                            "header": [],
                            "code": 200,
                            "body": "{\n     \"token\": \"generated_token\"\n     \"data\": {\n         \"id\": 1,\n         \"name\": \"User\",\n         \"email\": \"user@email.com\"\n     }\n }",
                            "name": ""
                        },
                        {
                            "header": [],
                            "code": 422,
                            "body": "{\n     \"error\": \"The provided credentials are incorrect.\"\n}",
                            "name": ""
                        }
                    ]
                },
                {
                    "name": "Logout.",
                    "request": {
                        "url": {
                            "host": "{{baseUrl}}",
                            "path": "api\/v1\/logout",
                            "query": [],
                            "raw": "{{baseUrl}}\/api\/v1\/logout"
                        },
                        "method": "POST",
                        "header": [
                            {
                                "key": "Content-Type",
                                "value": "application\/json"
                            },
                            {
                                "key": "Accept",
                                "value": "application\/json"
                            }
                        ],
                        "body": null,
                        "description": ""
                    },
                    "response": [
                        {
                            "header": [],
                            "code": 204,
                            "body": "{\n     \"message\": \"Logged out successfully.\"\n }",
                            "name": ""
                        },
                        {
                            "header": [],
                            "code": 402,
                            "body": "{\n     \"message\": \"Unauthorized user\"\n }",
                            "name": ""
                        }
                    ]
                },
                {
                    "name": "Register a new user.",
                    "request": {
                        "url": {
                            "host": "{{baseUrl}}",
                            "path": "api\/v1\/register",
                            "query": [],
                            "raw": "{{baseUrl}}\/api\/v1\/register"
                        },
                        "method": "POST",
                        "header": [
                            {
                                "key": "Content-Type",
                                "value": "application\/json"
                            },
                            {
                                "key": "Accept",
                                "value": "application\/json"
                            }
                        ],
                        "body": {
                            "mode": "raw",
                            "raw": "{\"name\":\"yachuuzqnnwwqexhdweroqn\",\"email\":\"melissa97@example.com\",\"password\":\"aut\"}"
                        },
                        "description": "",
                        "auth": {
                            "type": "noauth"
                        }
                    },
                    "response": [
                        {
                            "header": [],
                            "code": 200,
                            "body": "{\"data\":{\"id\":\"99e33e4a-52ff-49b1-a971-df9c58620463\",\"name\":\"Estrella Green\",\"email\":\"gillian.olson@example.com\"}}",
                            "name": ""
                        }
                    ]
                },
                {
                    "name": "User Login.",
                    "request": {
                        "url": {
                            "host": "{{baseUrl}}",
                            "path": "api\/v1\/login",
                            "query": [],
                            "raw": "{{baseUrl}}\/api\/v1\/login"
                        },
                        "method": "POST",
                        "header": [
                            {
                                "key": "Content-Type",
                                "value": "application\/json"
                            },
                            {
                                "key": "Accept",
                                "value": "application\/json"
                            }
                        ],
                        "body": {
                            "mode": "raw",
                            "raw": "{\"email\":\"carlie71@example.com\",\"password\":\"{Hp8YEv\\\/w6$y%r\"}"
                        },
                        "description": "",
                        "auth": {
                            "type": "noauth"
                        }
                    },
                    "response": [
                        {
                            "header": [],
                            "code": 200,
                            "body": "{\n     \"token\": \"generated_token\"\n     \"data\": {\n         \"id\": 1,\n         \"name\": \"User\",\n         \"email\": \"user@email.com\"\n     }\n }",
                            "name": ""
                        },
                        {
                            "header": [],
                            "code": 422,
                            "body": "{\n     \"error\": \"The provided credentials are incorrect.\"\n}",
                            "name": ""
                        }
                    ]
                },
                {
                    "name": "Authenticate and log in a user using Google OAuth.",
                    "request": {
                        "url": {
                            "host": "{{baseUrl}}",
                            "path": "api\/v1\/auth\/google",
                            "query": [],
                            "raw": "{{baseUrl}}\/api\/v1\/auth\/google"
                        },
                        "method": "GET",
                        "header": [
                            {
                                "key": "Content-Type",
                                "value": "application\/json"
                            },
                            {
                                "key": "Accept",
                                "value": "application\/json"
                            }
                        ],
                        "body": {
                            "mode": "raw",
                            "raw": "{\"token\":\"modi\"}"
                        },
                        "description": "",
                        "auth": {
                            "type": "noauth"
                        }
                    },
                    "response": [
                        {
                            "header": [],
                            "code": 200,
                            "body": "{\n    \"token\": \"generated_token\",\n    \"data\": {\n        \"id\": 1,\n        \"name\": \"John Doe\",\n        \"email\": \"johndoe@example.com\",\n    }\n}",
                            "name": ""
                        },
                        {
                            "header": [],
                            "code": 401,
                            "body": "{\n    \"error\": \"Unauthorized.\"\n}",
                            "name": ""
                        },
                        {
                            "header": [],
                            "code": 422,
                            "body": "{\n    \"error\": \"Validation failed.\"\n}",
                            "name": ""
                        }
                    ]
                }
            ]
        },
        {
            "name": "Author Management",
            "description": "\nEndpoint to manage authors",
            "item": [
                {
                    "name": "Display a listing of the authors.",
                    "request": {
                        "url": {
                            "host": "{{baseUrl}}",
                            "path": "api\/v1\/admin\/authors",
                            "query": [],
                            "raw": "{{baseUrl}}\/api\/v1\/admin\/authors"
                        },
                        "method": "GET",
                        "header": [
                            {
                                "key": "Content-Type",
                                "value": "application\/json"
                            },
                            {
                                "key": "Accept",
                                "value": "application\/json"
                            }
                        ],
                        "body": null,
                        "description": ""
                    },
                    "response": [
                        {
                            "header": [],
                            "code": 200,
                            "body": "{\"data\":[{\"id\":\"99e33e4a-07f9-4314-9ada-b1eb14890903\",\"name\":\"Jeanie Ferry MD\",\"email\":\"casandra.daugherty@example.net\"},{\"id\":\"99e33e4a-19bc-4e8b-a83b-2c254a986678\",\"name\":\"Edyth Erdman II\",\"email\":\"schmidt.colleen@example.org\"}]}",
                            "name": ""
                        }
                    ]
                },
                {
                    "name": "Create a new author.",
                    "request": {
                        "url": {
                            "host": "{{baseUrl}}",
                            "path": "api\/v1\/admin\/authors",
                            "query": [],
                            "raw": "{{baseUrl}}\/api\/v1\/admin\/authors"
                        },
                        "method": "POST",
                        "header": [
                            {
                                "key": "Content-Type",
                                "value": "application\/json"
                            },
                            {
                                "key": "Accept",
                                "value": "application\/json"
                            }
                        ],
                        "body": {
                            "mode": "raw",
                            "raw": "{\"name\":\"Isaac Johnson\",\"email\":\"ondricka.amya@example.org\"}"
                        },
                        "description": ""
                    },
                    "response": [
                        {
                            "header": [],
                            "code": 200,
                            "body": "{\"data\":{\"id\":\"99e33e4a-1fbe-43fa-bb9f-920ff0be9f1d\",\"name\":\"Dr. Jordon Streich\",\"email\":\"oconner.walker@example.org\"}}",
                            "name": ""
                        }
                    ]
                },
                {
                    "name": "Display an author by ID.",
                    "request": {
                        "url": {
                            "host": "{{baseUrl}}",
                            "path": "api\/v1\/admin\/authors\/:id",
                            "query": [],
                            "raw": "{{baseUrl}}\/api\/v1\/admin\/authors\/:id",
                            "variable": [
                                {
                                    "id": "id",
                                    "key": "id",
                                    "value": "in",
                                    "description": "Author ID"
                                }
                            ]
                        },
                        "method": "GET",
                        "header": [
                            {
                                "key": "Content-Type",
                                "value": "application\/json"
                            },
                            {
                                "key": "Accept",
                                "value": "application\/json"
                            }
                        ],
                        "body": null,
                        "description": ""
                    },
                    "response": [
                        {
                            "header": [],
                            "code": 200,
                            "body": "{\"data\":{\"id\":\"99e33e4a-2433-4d68-a221-87b60325ae42\",\"name\":\"Mr. Bernardo Kuvalis II\",\"email\":\"dominic57@example.net\"}}",
                            "name": ""
                        }
                    ]
                },
                {
                    "name": "Update the specified Author by ID.",
                    "request": {
                        "url": {
                            "host": "{{baseUrl}}",
                            "path": "api\/v1\/admin\/authors\/:id",
                            "query": [],
                            "raw": "{{baseUrl}}\/api\/v1\/admin\/authors\/:id",
                            "variable": [
                                {
                                    "id": "id",
                                    "key": "id",
                                    "value": "99cf7e87-ed51-4cdb-ba3b-4557421ceda3",
                                    "description": "The ID of the author."
                                }
                            ]
                        },
                        "method": "PUT",
                        "header": [
                            {
                                "key": "Content-Type",
                                "value": "application\/json"
                            },
                            {
                                "key": "Accept",
                                "value": "application\/json"
                            }
                        ],
                        "body": {
                            "mode": "raw",
                            "raw": "{\"name\":\"Isaac Johnson\",\"email\":\"lorenza89@example.org\"}"
                        },
                        "description": ""
                    },
                    "response": [
                        {
                            "header": [],
                            "code": 200,
                            "body": "{\"data\":{\"id\":\"99e33e4a-26be-4130-b792-d38a3eea2b82\",\"name\":\"Miss Ayla Bednar V\",\"email\":\"pbayer@example.org\"}}",
                            "name": ""
                        }
                    ]
                }
            ]
        },
        {
            "name": "Categories Management",
            "description": "",
            "item": [
                {
                    "name": "Display a listing of categories.",
                    "request": {
                        "url": {
                            "host": "{{baseUrl}}",
                            "path": "api\/v1\/admin\/categories",
                            "query": [],
                            "raw": "{{baseUrl}}\/api\/v1\/admin\/categories"
                        },
                        "method": "GET",
                        "header": [
                            {
                                "key": "Content-Type",
                                "value": "application\/json"
                            },
                            {
                                "key": "Accept",
                                "value": "application\/json"
                            }
                        ],
                        "body": null,
                        "description": ""
                    },
                    "response": [
                        {
                            "header": [],
                            "code": 200,
                            "body": "{\"data\":[{\"id\":\"99cfdfea-c72f-451b-aed3-ec3eb26bd2c5\",\"name\":\"category one\"},{\"id\":\"99cfdfea-c72f-451b-aed3-ec3eb26bd2c5\",\"name\":\"category one\"}]}",
                            "name": ""
                        }
                    ]
                },
                {
                    "name": "Create a new category.",
                    "request": {
                        "url": {
                            "host": "{{baseUrl}}",
                            "path": "api\/v1\/admin\/categories",
                            "query": [],
                            "raw": "{{baseUrl}}\/api\/v1\/admin\/categories"
                        },
                        "method": "POST",
                        "header": [
                            {
                                "key": "Content-Type",
                                "value": "application\/json"
                            },
                            {
                                "key": "Accept",
                                "value": "application\/json"
                            }
                        ],
                        "body": {
                            "mode": "raw",
                            "raw": "{\"name\":\"alias\"}"
                        },
                        "description": ""
                    },
                    "response": [
                        {
                            "header": [],
                            "code": 200,
                            "body": "{\"data\":{\"id\":\"99cfdfea-c72f-451b-aed3-ec3eb26bd2c5\",\"name\":\"category one\"}}",
                            "name": ""
                        }
                    ]
                },
                {
                    "name": "Display the specific category by ID.",
                    "request": {
                        "url": {
                            "host": "{{baseUrl}}",
                            "path": "api\/v1\/admin\/categories\/:id",
                            "query": [],
                            "raw": "{{baseUrl}}\/api\/v1\/admin\/categories\/:id",
                            "variable": [
                                {
                                    "id": "id",
                                    "key": "id",
                                    "value": "vel",
                                    "description": "Category ID"
                                }
                            ]
                        },
                        "method": "GET",
                        "header": [
                            {
                                "key": "Content-Type",
                                "value": "application\/json"
                            },
                            {
                                "key": "Accept",
                                "value": "application\/json"
                            }
                        ],
                        "body": null,
                        "description": ""
                    },
                    "response": [
                        {
                            "header": [],
                            "code": 200,
                            "body": "{\"data\":{\"id\":\"99cfdfea-c72f-451b-aed3-ec3eb26bd2c5\",\"name\":\"category one\"}}",
                            "name": ""
                        }
                    ]
                },
                {
                    "name": "Update the specific category.",
                    "request": {
                        "url": {
                            "host": "{{baseUrl}}",
                            "path": "api\/v1\/admin\/categories\/:id",
                            "query": [],
                            "raw": "{{baseUrl}}\/api\/v1\/admin\/categories\/:id",
                            "variable": [
                                {
                                    "id": "id",
                                    "key": "id",
                                    "value": "99cfdfea-c72f-451b-aed3-ec3eb26bd2c5",
                                    "description": "The ID of the category."
                                }
                            ]
                        },
                        "method": "PUT",
                        "header": [
                            {
                                "key": "Content-Type",
                                "value": "application\/json"
                            },
                            {
                                "key": "Accept",
                                "value": "application\/json"
                            }
                        ],
                        "body": {
                            "mode": "raw",
                            "raw": "{\"name\":\"id\"}"
                        },
                        "description": ""
                    },
                    "response": [
                        {
                            "header": [],
                            "code": 200,
                            "body": "{\"data\":{\"id\":\"99cfdfea-c72f-451b-aed3-ec3eb26bd2c5\",\"name\":\"category one\"}}",
                            "name": ""
                        }
                    ]
                }
            ]
        },
        {
            "name": "Endpoints",
            "description": "",
            "item": [
                {
                    "name": "GET api\/v1\/user",
                    "request": {
                        "url": {
                            "host": "{{baseUrl}}",
                            "path": "api\/v1\/user",
                            "query": [],
                            "raw": "{{baseUrl}}\/api\/v1\/user"
                        },
                        "method": "GET",
                        "header": [
                            {
                                "key": "Content-Type",
                                "value": "application\/json"
                            },
                            {
                                "key": "Accept",
                                "value": "application\/json"
                            }
                        ],
                        "body": null,
                        "description": "",
                        "auth": {
                            "type": "noauth"
                        }
                    },
                    "response": [
                        {
                            "header": [
                                {
                                    "key": "cache-control",
                                    "value": "no-cache, private"
                                },
                                {
                                    "key": "content-type",
                                    "value": "application\/json"
                                },
                                {
                                    "key": "vary",
                                    "value": "Origin"
                                }
                            ],
                            "code": 401,
                            "body": "{\"message\":\"Unauthenticated.\"}",
                            "name": ""
                        }
                    ]
                },
                {
                    "name": "Handle the email verification process for the authenticated user.",
                    "request": {
                        "url": {
                            "host": "{{baseUrl}}",
                            "path": "api\/v1\/verify-email\/:id\/:hash",
                            "query": [],
                            "raw": "{{baseUrl}}\/api\/v1\/verify-email\/:id\/:hash",
                            "variable": [
                                {
                                    "id": "id",
                                    "key": "id",
                                    "value": "consequatur",
                                    "description": "The ID of the verify email."
                                },
                                {
                                    "id": "hash",
                                    "key": "hash",
                                    "value": "earum",
                                    "description": ""
                                }
                            ]
                        },
                        "method": "GET",
                        "header": [
                            {
                                "key": "Content-Type",
                                "value": "application\/json"
                            },
                            {
                                "key": "Accept",
                                "value": "application\/json"
                            }
                        ],
                        "body": null,
                        "description": "Mark the authenticated user's email address as verified.",
                        "auth": {
                            "type": "noauth"
                        }
                    },
                    "response": [
                        {
                            "header": [],
                            "code": 200,
                            "body": "{\n    \"message\": \"Email verified successfully.\",\n    \"redirect_url\": \"https:\/\/frontend.example.com\/home?verified=1\"\n}",
                            "name": ""
                        }
                    ]
                },
                {
                    "name": "Send an email verification notification to the user or redirect if email is already verified.",
                    "request": {
                        "url": {
                            "host": "{{baseUrl}}",
                            "path": "api\/v1\/email\/verification-notification",
                            "query": [],
                            "raw": "{{baseUrl}}\/api\/v1\/email\/verification-notification"
                        },
                        "method": "POST",
                        "header": [
                            {
                                "key": "Content-Type",
                                "value": "application\/json"
                            },
                            {
                                "key": "Accept",
                                "value": "application\/json"
                            }
                        ],
                        "body": null,
                        "description": "",
                        "auth": {
                            "type": "noauth"
                        }
                    },
                    "response": [
                        {
                            "header": [],
                            "code": 200,
                            "body": "{\n    \"status\": \"verification-link-sent\"\n}",
                            "name": ""
                        },
                        {
                            "header": [],
                            "code": 302,
                            "body": "{\n    \"redirect_url\": \"https:\/\/frontend.example.com\/home\"\n}",
                            "name": ""
                        }
                    ]
                },
                {
                    "name": "Send a password reset link to the user's email address.",
                    "request": {
                        "url": {
                            "host": "{{baseUrl}}",
                            "path": "api\/v1\/forgot-password",
                            "query": [],
                            "raw": "{{baseUrl}}\/api\/v1\/forgot-password"
                        },
                        "method": "POST",
                        "header": [
                            {
                                "key": "Content-Type",
                                "value": "application\/json"
                            },
                            {
                                "key": "Accept",
                                "value": "application\/json"
                            }
                        ],
                        "body": {
                            "mode": "raw",
                            "raw": "{\"email\":\"marquardt.luisa@example.org\"}"
                        },
                        "description": "Handle an incoming password reset link request.",
                        "auth": {
                            "type": "noauth"
                        }
                    },
                    "response": [
                        {
                            "header": [],
                            "code": 200,
                            "body": "{\n    \"status\": \"Password reset link sent successfully.\"\n}",
                            "name": ""
                        },
                        {
                            "header": [],
                            "code": 422,
                            "body": "{\n    \"error\": \"Validation failed.\"\n}",
                            "name": ""
                        }
                    ]
                },
                {
                    "name": "Handle a new password request for password reset.",
                    "request": {
                        "url": {
                            "host": "{{baseUrl}}",
                            "path": "api\/v1\/reset-password",
                            "query": [],
                            "raw": "{{baseUrl}}\/api\/v1\/reset-password"
                        },
                        "method": "POST",
                        "header": [
                            {
                                "key": "Content-Type",
                                "value": "application\/json"
                            },
                            {
                                "key": "Accept",
                                "value": "application\/json"
                            }
                        ],
                        "body": {
                            "mode": "raw",
                            "raw": "{\"token\":\"autem\",\"email\":\"otorphy@example.org\",\"password\":\"kf)i*UDT{[Slb@D\",\"password_confirmation\":\"dolor\"}"
                        },
                        "description": "",
                        "auth": {
                            "type": "noauth"
                        }
                    },
                    "response": [
                        {
                            "header": [],
                            "code": 200,
                            "body": "{\n    \"status\": \"Password reset successfully.\"\n}",
                            "name": ""
                        },
                        {
                            "header": [],
                            "code": 422,
                            "body": "{\n    \"error\": \"Validation failed.\"\n}",
                            "name": ""
                        }
                    ]
                }
            ]
        },
        {
            "name": "Order Management",
            "description": "\nEndpoint to manage customers orders",
            "item": [
                {
                    "name": "Store a newly created resource in storage.",
                    "request": {
                        "url": {
                            "host": "{{baseUrl}}",
                            "path": "api\/v1\/order",
                            "query": [],
                            "raw": "{{baseUrl}}\/api\/v1\/order"
                        },
                        "method": "POST",
                        "header": [
                            {
                                "key": "Content-Type",
                                "value": "application\/json"
                            },
                            {
                                "key": "Accept",
                                "value": "application\/json"
                            }
                        ],
                        "body": null,
                        "description": "",
                        "auth": {
                            "type": "noauth"
                        }
                    },
                    "response": []
                }
            ]
        },
        {
            "name": "Product Management",
            "description": "\nEndpoints to manage products",
            "item": [
                {
                    "name": "Store a newly created resource in storage.",
                    "request": {
                        "url": {
                            "host": "{{baseUrl}}",
                            "path": "api\/v1\/admin\/products",
                            "query": [],
                            "raw": "{{baseUrl}}\/api\/v1\/admin\/products"
                        },
                        "method": "POST",
                        "header": [
                            {
                                "key": "Content-Type",
                                "value": "multipart\/form-data"
                            },
                            {
                                "key": "Accept",
                                "value": "application\/json"
                            }
                        ],
                        "body": {
                            "mode": "formdata",
                            "formdata": [
                                {
                                    "key": "name",
                                    "value": "modi",
                                    "type": "text",
                                    "description": "The name of the product."
                                },
                                {
                                    "key": "price",
                                    "value": 0.22353,
                                    "type": "text",
                                    "description": "The price of the product."
                                },
                                {
                                    "key": "description",
                                    "value": "Esse at in dolorum qui sunt in.",
                                    "type": "text",
                                    "description": "The description of the product."
                                },
                                {
                                    "key": "categories[0]",
                                    "value": "accusamus",
                                    "type": "text",
                                    "description": ""
                                },
                                {
                                    "key": "tags[0]",
                                    "value": "maiores",
                                    "type": "text",
                                    "description": ""
                                },
                                {
                                    "key": "author",
                                    "value": 20,
                                    "type": "text",
                                    "description": "The ID of the author of the product."
                                },
                                {
                                    "key": "images[]",
                                    "src": [],
                                    "type": "file"
                                },
                                {
                                    "key": "images[]",
                                    "src": [],
                                    "type": "file"
                                }
                            ]
                        },
                        "description": ""
                    },
                    "response": [
                        {
                            "header": [],
                            "code": 200,
                            "body": "{\"data\":{\"id\":null,\"name\":null,\"price\":\"0.00\",\"description\":null,\"author\":null,\"categories\":[],\"tags\":[],\"images\":[],\"reviews\":[]}}",
                            "name": ""
                        },
                        {
                            "header": [],
                            "code": 200,
                            "body": "{\n     \"data\": {\n         \"id\": 1,\n         \"name\": \"Sample Product\",\n         \"author_id\": 1,\n         \"price\": 19.99,\n         \"description\": \"A description of the sample product.\",\n         \"categories\": [\n             {\n                 \"id\": 1,\n                 \"name\": \"Category A\"\n             },\n             {\n                 \"id\": 2,\n                 \"name\": \"Category B\"\n             }\n         ],\n         \"tags\": [\n             {\n                 \"id\": 1,\n                 \"name\": \"Tag X\"\n             },\n             {\n                 \"id\": 2,\n                 \"name\": \"Tag Y\"\n             }\n         ]\n     }\n }",
                            "name": ""
                        }
                    ]
                },
                {
                    "name": "Update the specified resource in storage.",
                    "request": {
                        "url": {
                            "host": "{{baseUrl}}",
                            "path": "api\/v1\/admin\/products\/:id",
                            "query": [],
                            "raw": "{{baseUrl}}\/api\/v1\/admin\/products\/:id",
                            "variable": [
                                {
                                    "id": "id",
                                    "key": "id",
                                    "value": "99d35264-8076-49a5-a8d5-8cd88f85a773",
                                    "description": "The ID of the product."
                                }
                            ]
                        },
                        "method": "POST",
                        "header": [
                            {
                                "key": "Content-Type",
                                "value": "multipart\/form-data"
                            },
                            {
                                "key": "Accept",
                                "value": "application\/json"
                            }
                        ],
                        "body": {
                            "mode": "formdata",
                            "formdata": [
                                {
                                    "key": "name",
                                    "value": "unde",
                                    "type": "text",
                                    "description": ""
                                },
                                {
                                    "key": "price",
                                    "value": "eaque",
                                    "type": "text",
                                    "description": ""
                                },
                                {
                                    "key": "description",
                                    "value": "qui",
                                    "type": "text",
                                    "description": ""
                                },
                                {
                                    "key": "author",
                                    "value": "numquam",
                                    "type": "text",
                                    "description": ""
                                },
                                {
                                    "key": "images[]",
                                    "src": [],
                                    "type": "file"
                                },
                                {
                                    "key": "_method",
                                    "value": "PUT",
                                    "type": "text"
                                }
                            ]
                        },
                        "description": ""
                    },
                    "response": [
                        {
                            "header": [],
                            "code": 200,
                            "body": "{\"data\":{\"id\":null,\"name\":null,\"price\":\"0.00\",\"description\":null,\"author\":null,\"categories\":[],\"tags\":[],\"images\":[],\"reviews\":[]}}",
                            "name": ""
                        }
                    ]
                },
                {
                    "name": "Add images to a product",
                    "request": {
                        "url": {
                            "host": "{{baseUrl}}",
                            "path": "api\/v1\/admin\/products\/:product_id\/images",
                            "query": [],
                            "raw": "{{baseUrl}}\/api\/v1\/admin\/products\/:product_id\/images",
                            "variable": [
                                {
                                    "id": "product_id",
                                    "key": "product_id",
                                    "value": "99d35264-8076-49a5-a8d5-8cd88f85a773",
                                    "description": "The ID of the product."
                                }
                            ]
                        },
                        "method": "POST",
                        "header": [
                            {
                                "key": "Content-Type",
                                "value": "multipart\/form-data"
                            },
                            {
                                "key": "Accept",
                                "value": "application\/json"
                            }
                        ],
                        "body": {
                            "mode": "formdata",
                            "formdata": [
                                {
                                    "key": "images[]",
                                    "src": [],
                                    "type": "file"
                                }
                            ]
                        },
                        "description": ""
                    },
                    "response": []
                },
                {
                    "name": "Delete image from product",
                    "request": {
                        "url": {
                            "host": "{{baseUrl}}",
                            "path": "api\/v1\/admin\/products\/:product_id\/images\/:productImage_id",
                            "query": [],
                            "raw": "{{baseUrl}}\/api\/v1\/admin\/products\/:product_id\/images\/:productImage_id",
                            "variable": [
                                {
                                    "id": "product_id",
                                    "key": "product_id",
                                    "value": "99d35264-8076-49a5-a8d5-8cd88f85a773",
                                    "description": "The ID of the product."
                                },
                                {
                                    "id": "productImage_id",
                                    "key": "productImage_id",
                                    "value": "99d35a23-2f11-406d-afde-f05b8efb9968",
                                    "description": "The ID of the productImage."
                                }
                            ]
                        },
                        "method": "DELETE",
                        "header": [
                            {
                                "key": "Content-Type",
                                "value": "application\/json"
                            },
                            {
                                "key": "Accept",
                                "value": "application\/json"
                            }
                        ],
                        "body": null,
                        "description": ""
                    },
                    "response": []
                },
                {
                    "name": "Retrieve a paginated list of products with optional filters.",
                    "request": {
                        "url": {
                            "host": "{{baseUrl}}",
                            "path": "api\/v1\/products",
                            "query": [
                                {
                                    "key": "name",
                                    "value": "inventore",
                                    "description": "Search for products by name (partial match).",
                                    "disabled": false
                                },
                                {
                                    "key": "author",
                                    "value": "doloribus",
                                    "description": "Search for products by author's name.",
                                    "disabled": false
                                },
                                {
                                    "key": "category",
                                    "value": "molestiae",
                                    "description": "Search for products by category name.",
                                    "disabled": false
                                }
                            ],
                            "raw": "{{baseUrl}}\/api\/v1\/products?name=inventore&author=doloribus&category=molestiae"
                        },
                        "method": "GET",
                        "header": [
                            {
                                "key": "Content-Type",
                                "value": "multipart\/form-data"
                            },
                            {
                                "key": "Accept",
                                "value": "application\/json"
                            }
                        ],
                        "body": {
                            "mode": "formdata",
                            "formdata": [
                                {
                                    "key": "name",
                                    "value": "tenetur",
                                    "type": "text",
                                    "description": ""
                                },
                                {
                                    "key": "price",
                                    "value": "aut",
                                    "type": "text",
                                    "description": ""
                                },
                                {
                                    "key": "description",
                                    "value": "qui",
                                    "type": "text",
                                    "description": ""
                                },
                                {
                                    "key": "author",
                                    "value": "rem",
                                    "type": "text",
                                    "description": ""
                                },
                                {
                                    "key": "images[]",
                                    "src": [],
                                    "type": "file"
                                }
                            ]
                        },
                        "description": "",
                        "auth": {
                            "type": "noauth"
                        }
                    },
                    "response": [
                        {
                            "header": [],
                            "code": 200,
                            "body": "{\n    \"data\": [\n        {\n            \"id\": 1,\n            \"name\": \"Product A\",\n            \"author_id\": 1,\n            \"price\": 19.99,\n            \"description\": \"Description of Product A\",\n            \"category\": {\n                \"id\": 2,\n                \"name\": \"Category X\"\n            },\n            \"author\": {\n                \"id\": 1,\n                \"name\": \"Author Y\"\n            }\n        },\n        {\n            \"id\": 2,\n            \"name\": \"Product B\",\n            \"author_id\": 2,\n            \"price\": 29.99,\n            \"description\": \"Description of Product B\",\n            \"category\": {\n                \"id\": 3,\n                \"name\": \"Category Z\"\n            },\n            \"author\": {\n                \"id\": 2,\n                \"name\": \"Author Z\"\n            }\n        }\n    ],\n    \"links\": {\n        \"first\": \"https:\/\/api.example.com\/products?page=1\",\n        \"last\": \"https:\/\/api.example.com\/products?page=3\",\n        \"prev\": null,\n        \"next\": \"https:\/\/api.example.com\/products?page=2\"\n    },\n    \"meta\": {\n        \"current_page\": 1,\n        \"from\": 1,\n        \"last_page\": 3,\n        \"path\": \"https:\/\/api.example.com\/products\",\n        \"per_page\": 10,\n        \"to\": 10,\n        \"total\": 25\n    }\n}",
                            "name": ""
                        }
                    ]
                },
                {
                    "name": "Display a specific product by ID.",
                    "request": {
                        "url": {
                            "host": "{{baseUrl}}",
                            "path": "api\/v1\/products\/:id",
                            "query": [],
                            "raw": "{{baseUrl}}\/api\/v1\/products\/:id",
                            "variable": [
                                {
                                    "id": "id",
                                    "key": "id",
                                    "value": "suscipit",
                                    "description": "Product ID"
                                }
                            ]
                        },
                        "method": "GET",
                        "header": [
                            {
                                "key": "Content-Type",
                                "value": "application\/json"
                            },
                            {
                                "key": "Accept",
                                "value": "application\/json"
                            }
                        ],
                        "body": null,
                        "description": "",
                        "auth": {
                            "type": "noauth"
                        }
                    },
                    "response": [
                        {
                            "header": [],
                            "code": 200,
                            "body": "{\"data\":{\"id\":null,\"name\":null,\"price\":\"0.00\",\"description\":null,\"author\":null,\"categories\":[],\"tags\":[],\"images\":[],\"reviews\":[]}}",
                            "name": ""
                        }
                    ]
                }
            ]
        },
        {
            "name": "Product Review",
            "description": "\ncustomer review on a product",
            "item": [
                {
                    "name": "Create a new review for a product.",
                    "request": {
                        "url": {
                            "host": "{{baseUrl}}",
                            "path": "api\/v1\/products\/:product_id\/reviews",
                            "query": [],
                            "raw": "{{baseUrl}}\/api\/v1\/products\/:product_id\/reviews",
                            "variable": [
                                {
                                    "id": "product_id",
                                    "key": "product_id",
                                    "value": "99d35264-8076-49a5-a8d5-8cd88f85a773",
                                    "description": "The ID of the product."
                                }
                            ]
                        },
                        "method": "POST",
                        "header": [
                            {
                                "key": "Content-Type",
                                "value": "application\/json"
                            },
                            {
                                "key": "Accept",
                                "value": "application\/json"
                            }
                        ],
                        "body": {
                            "mode": "raw",
                            "raw": "{\"comment\":\"perferendis\",\"rating\":17}"
                        },
                        "description": ""
                    },
                    "response": [
                        {
                            "header": [],
                            "code": 200,
                            "body": "{\n    \"data\": {\n         \"id\": \"99ddc991-b5ea-4985-9733-ed9a4b459c0e\",\n         \"user\": {\n             \"id\": \"99cf69a0-2af8-4baf-bb7a-69fc531e9660\",\n             \"name\": \"admin\",\n             \"email\": \"admin@gmail.com\"\n         },\n         \"comment\": \"lorem ipsum\",\n         \"rating\": \"4\",\n         \"createdAt\": \"2023-08-11T18:28:05.000000Z\"\n     }\n}",
                            "name": ""
                        }
                    ]
                }
            ]
        },
        {
            "name": "Tags Management",
            "description": "\nEndpoint to manage tags",
            "item": [
                {
                    "name": "Display a listing of the tags.",
                    "request": {
                        "url": {
                            "host": "{{baseUrl}}",
                            "path": "api\/v1\/admin\/tags",
                            "query": [],
                            "raw": "{{baseUrl}}\/api\/v1\/admin\/tags"
                        },
                        "method": "GET",
                        "header": [
                            {
                                "key": "Content-Type",
                                "value": "application\/json"
                            },
                            {
                                "key": "Accept",
                                "value": "application\/json"
                            }
                        ],
                        "body": null,
                        "description": "",
                        "auth": {
                            "type": "noauth"
                        }
                    },
                    "response": [
                        {
                            "header": [],
                            "code": 200,
                            "body": "{\"data\":[{\"id\":null,\"name\":null},{\"id\":null,\"name\":null}]}",
                            "name": ""
                        }
                    ]
                },
                {
                    "name": "Create a new Tag.",
                    "request": {
                        "url": {
                            "host": "{{baseUrl}}",
                            "path": "api\/v1\/admin\/tags",
                            "query": [],
                            "raw": "{{baseUrl}}\/api\/v1\/admin\/tags"
                        },
                        "method": "POST",
                        "header": [
                            {
                                "key": "Content-Type",
                                "value": "application\/json"
                            },
                            {
                                "key": "Accept",
                                "value": "application\/json"
                            }
                        ],
                        "body": {
                            "mode": "raw",
                            "raw": "{\"name\":\"zuvlat\"}"
                        },
                        "description": "",
                        "auth": {
                            "type": "noauth"
                        }
                    },
                    "response": [
                        {
                            "header": [],
                            "code": 200,
                            "body": "{\"data\":{\"id\":null,\"name\":null}}",
                            "name": ""
                        }
                    ]
                },
                {
                    "name": "Display the specific tag by ID.",
                    "request": {
                        "url": {
                            "host": "{{baseUrl}}",
                            "path": "api\/v1\/admin\/tags\/:id",
                            "query": [],
                            "raw": "{{baseUrl}}\/api\/v1\/admin\/tags\/:id",
                            "variable": [
                                {
                                    "id": "id",
                                    "key": "id",
                                    "value": "99cfd9ed-a48a-40d9-b896-4549d534fb7a",
                                    "description": "The ID of the tag."
                                }
                            ]
                        },
                        "method": "GET",
                        "header": [
                            {
                                "key": "Content-Type",
                                "value": "application\/json"
                            },
                            {
                                "key": "Accept",
                                "value": "application\/json"
                            }
                        ],
                        "body": null,
                        "description": "",
                        "auth": {
                            "type": "noauth"
                        }
                    },
                    "response": [
                        {
                            "header": [],
                            "code": 200,
                            "body": "{\"data\":{\"id\":null,\"name\":null}}",
                            "name": ""
                        }
                    ]
                },
                {
                    "name": "Update a specific tag by ID.",
                    "request": {
                        "url": {
                            "host": "{{baseUrl}}",
                            "path": "api\/v1\/admin\/tags\/:id",
                            "query": [],
                            "raw": "{{baseUrl}}\/api\/v1\/admin\/tags\/:id",
                            "variable": [
                                {
                                    "id": "id",
                                    "key": "id",
                                    "value": "99cfd9ed-a48a-40d9-b896-4549d534fb7a",
                                    "description": "The ID of the tag."
                                }
                            ]
                        },
                        "method": "PUT",
                        "header": [
                            {
                                "key": "Content-Type",
                                "value": "application\/json"
                            },
                            {
                                "key": "Accept",
                                "value": "application\/json"
                            }
                        ],
                        "body": {
                            "mode": "raw",
                            "raw": "{\"name\":\"eqvmyhbmzurgz\"}"
                        },
                        "description": "",
                        "auth": {
                            "type": "noauth"
                        }
                    },
                    "response": [
                        {
                            "header": [],
                            "code": 200,
                            "body": "{\"data\":{\"id\":null,\"name\":null}}",
                            "name": ""
                        }
                    ]
                }
            ]
        }
    ],
    "auth": {
        "type": "bearer",
        "bearer": [
            {
                "key": "Authorization token",
                "value": null,
                "type": "string"
            }
        ]
    }
}